 from,to,position,time
ra,Monterrey,Ausbildung,2003
ra,Stuttgart_Schule,Ausbildung,2008
ra,Stuttgart_Schule,Abschluss,2011
ra,Stuttgart_Ballett,Elevin,2011
ra,Stuttgart_Ballett,Corps_de_Ballett,2012
ra,Stuttgart_Ballett,Halbsolist,2014
ra,Stuttgart_Ballett,Solist,2018
ra,Stuttgart_Ballett,Erster_Solist,2021
eb,Valenzia,Ausbildung,2002
eb,London_School,Abschluss,2009
eb,Stuttgart_Ballett,Elevin,2009
eb,Stuttgart_Ballett,Corps_de_Ballett,2010
eb,Stuttgart_Ballett,Halbsolist,2011
eb,Stuttgart_Ballett,Solist,2012
eb,Stuttgart_Ballett,Erster_Solist,2013
eb,Stuttgart_Theater,Kammertänzerin,2023
Monterrey,ra,Ausbildung,2003
Stuttgart_Schule,ra,Ausbildung,2008
Stuttgart_Schule,ra,Abschluss,2011
Stuttgart_Ballett,ra,Elevin,2011
Stuttgart_Ballett,ra,Corps_de_Ballett,2012
Stuttgart_Ballett,ra,Halbsolist,2014
Stuttgart_Ballett,ra,Solist,2018
Stuttgart_Ballett,ra,Erster_Solist,2021
Valenzia,eb,Ausbildung,2002
London_School,eb,Abschluss,2009
Stuttgart_Ballett,eb,Elevin,2009
Stuttgart_Ballett,eb,Corps_de_Ballett,2010
Stuttgart_Ballett,eb,Halbsolistin,2011
Stuttgart_Ballett,eb,Solistin,2012
Stuttgart_Ballett,eb,Erster_Solist,2013
Stuttgart_Theater,eb,Kammertänzerin,2023
mb,Stafford,Ausbildung,2005
mb,Virginia,Ausbildung,2011
mb,Monaco,Ausbildung,2016
mb,Monaco,Abschluss,2019
mb,Stuttgart_Ballett,Corps_de_Ballett,2020
mb,Stuttgart_Ballett,Halbsolist,2021
mb,Stuttgart_Ballett,Solist,2022
mb,Stuttgart_Ballett,Erster_Solist,2023
Stafford,mb,Ausbildung,2005
Virginia,mb,Ausbildung,2011
Monaco,mb,Ausbildung,2016
Monaco,mb,Abschluss,2019
Stuttgart_Ballett,mb,Corps_de_Ballett,2020
Stuttgart_Ballett,mb,Halbsolist,2021
Stuttgart_Ballett,mb,Solist,2022
Stuttgart_Ballett,mb,Erster_Solist,2023
mk,Bratislava,Ausbildung,1993
mk,Monaco,Ausbildung,2001
mk,Monaco,Abschluss,2004
mk,Zürich_Ballett,Corps_de_Ballett,2004
mk,Stuttgart_Ballett,Corps_de_Ballett,2005
mk,Stuttgart_Ballett,Halbsolistin,2010
mk,Stuttgart_Ballett,Solist,2014
mk,Stuttgart_Ballett,Erster_Solist,2014
Bratislava,mk,Ausbildung,1993
Monaco,mk,Ausbildung,2001
Monaco,mk,Abschluss,2004
Zürich_Ballett,mk,Corps_de_Ballett,2004
Stuttgart_Ballett,mk,Corps_de_Ballett,2005
Stuttgart_Ballett,mk,Halbsolist,2010
Stuttgart_Ballett,mk,Solist,2014
Stuttgart_Ballett,mk,Erster_Solist,2014
ao,Almaty,Ausbildung,NA
ao,Stuttgart_Schule,Ausbildung,2000
ao,Stuttgart_Schule,Abschluss,2001
ao,Stuttgart_Ballett,Elevin,2001
ao,Stuttgart_Ballett,Corps_de_Ballett,2002
ao,Stuttgart_Ballett,Halbsolist,2005
ao,Stuttgart_Ballett,Solist,2007
ao,Stuttgart_Ballett,Erster_Solist,2008
Almaty,ao,Ausbildung,NA
Stuttgart_Schule,ao,Ausbildung,2000
Stuttgart_Schule,ao,Abschluss,2001
Stuttgart_Ballett,ao,Elevin,2001
Stuttgart_Ballett,ao,Corps_de_Ballett,2002
Stuttgart_Ballett,ao,Halbsolist,2005
Stuttgart_Ballett,ao,Solist,2007
Stuttgart_Ballett,ao,Erster_Solist,2008
as,San_Clemente,Ausbildung,NA
San_Clemente,as,Ausbildung,NA
as,Fountain_Valley,Ausbildung,NA
Fountain_Valley,as,Ausbildung,NA
as,Stuttgart_Schule,Ausbildung,2010
Stuttgart_Schule,as,Ausbildung,2010
as,Stuttgart_Schule,Abschluss,2013
Stuttgart_Schule,as,Abschluss,2013
Stuttgart_Ballett,as,Corps_de_Ballett,2012
as,Stuttgart_Ballett,Corps_de_Ballett,2012
Stuttgart_Ballett,as,Elevin,2013
as,Stuttgart_Ballett,Elevin,2013
as,Stuttgart_Ballett,Halbsolist,2017
Stuttgart_Ballett,as,Halbsolist,2017
as,Stuttgart_Ballett,Solist,2019
Stuttgart_Ballett,as,Solist,2019
as,Stuttgart_Ballett,Erster_Solist,2021
Stuttgart_Ballett,as,Erster_Solist,2021
aa,Paris_Opera,Ausbildung,1999
Paris_Opera,aa,Ausbildung,1999
aa,Paris_Opera,Corps_de_Ballett,2006
Paris_Opera,aa,Corps_de_Ballett,2006
aa,Paris_Opera,Coryphée,2009
Paris_Opera,aa,Coryphée,2009
aa,Paris_Opera,Sujet,2010
Paris_Opera,aa,Sujet,2010
aa,Paris_Opera,Première_Danseuse,2014
Paris_Opera,aa,Première_Danseuse,2014
aa,Paris_Opera,Étoile,2014
Paris_Opera,aa,Étoile,2014
bb,Paris_Conservatoire,Ausbildung,2013
Paris_Conservatoire,bb,Ausbildung,2013
bb,Paris_Opera,Ausbildung,2014
Paris_Opera,bb,Ausbildung,2014
bb,Paris_Opera,Corps_de_Ballett,2017
Paris_Opera,bb,Corps_de_Ballett,2017
bb,Paris_Opera,Coryphée,2021
Paris_Opera,bb,Coryphée,2021
bb,Paris_Opera,Sujet,2022
Paris_Opera,bb,Sujet,2022
bb,Paris_Opera,Première_Danseuse,2023
Paris_Opera,bb,Première_Danseuse,2023
bb,Paris_Opera,Étoile,2024
Paris_Opera,bb,Étoile,2024
lb,Paris_Conservatoire,Ausbildung,2003
Paris_Conservatoire,lb,Ausbildung,2003
lb ,Paris_Opera,Ausbildung,2005
Paris_Opera,lb,Ausbildung,2005
lb,Paris_Opera,Corps_de_Ballett,2008
Paris_Opera,lb,Corps_de_Ballett,2008
lb,Paris_Opera,Coryphée,2014
Paris_Opera,lb,Coryphée,2014
lb,Paris_Opera,Sujet,2015
Paris_Opera,lb,Sujet,2015
lb ,Paris_Opera,Première_Danseuse,2016
Paris_Opera,lb,Première_Danseuse,2016
lb,Paris_Opera,Étoile,2017
Paris_Opera,lb,Étoile,2017
vc,Paris_Opera,Corps_de_Ballett,2006
Paris_Opera,vc,Corps_de_Ballett,2006
vc,Paris_Opera,Coryphée,2010
Paris_Opera,vc,Coryphée,2010
vc,Paris_Opera,Sujet,2011
Paris_Opera,vc,Sujet,2011
vc,Paris_Opera,Première_Danseuse,2013
Paris_Opera,vc,Première_Danseuse,2013
vc,Paris_Opera,Étoile,2018
Paris_Opera,vc,Étoile,2018
gd,Paris_Opera,Ausbildung,2012
Paris_Opera,gd,Ausbildung,2012
gd,Paris_Opera,Corps_de_Ballett,2018
Paris_Opera,gd,Corps_de_Ballett,2018
gd,Paris_Opera,Coryphée,2022
Paris_Opera,gd,Coryphée,2022
gd,Paris_Opera,Sujet,2023
Paris_Opera,gd,Sujet,2023
gd,Paris_Opera,Étoile,2023
Paris_Opera,gd,Étoile,2023
mg,Marseille,Ausbildung,1992
Marseille,mg,Ausbildung,1992
mg,Paris_Opera,Ausbildung,1999
Paris_Opera,mg,Ausbildung,1999
mg,Paris_Opera,Corps_de_Ballett,2001
Paris_Opera,mg,Corps_de_Ballett,2001
mg,Paris_Opera,Coryphée,2003
Paris_Opera,mg,Coryphée,2003
mg,Paris_Opera,Sujet,2004
Paris_Opera,mg,Sujet,2004
mg,Paris_Opera,Étoile,2004
Paris_Opera,mg,Étoile,2004
dg,Touluse,Ausbildung,1990
Touluse,dg,Ausbildung,1990
dg,Paris_Opera,Ausbildung,1995
Paris_Opera,dg,Ausbildung,1995
dg,Paris_Opera,Corps_de_Ballett,2000
Paris_Opera,dg,Corps_de_Ballett,2000
dg,Paris_Opera,Coryphée,2002
Paris_Opera,dg,Coryphée,2002
dg,Paris_Opera,Sujet,2003
Paris_Opera,dg,Sujet,2003
dg,Paris_Opera,Première_Danseuse,2005
Paris_Opera,dg,Première_Danseuse,2005
dg,Paris_Opera,Étoile,2007
Paris_Opera,dg,Étoile,2007
lh,Paris_CRR,Ausbildung,1974
Paris_CRR,lh,Ausbildung,1974
lh,Paris_Opera,Ausbildung,2000
Paris_Opera,lh,Ausbildung,2000
lh,Paris_Opera,Corps_de_Ballett,2002
Paris_Opera,lh,Corps_de_Ballett,2002
lh,Paris_Opera,Coryphée,2005
Paris_Opera,lh,Coryphée,2005
lh,Paris_Opera,Sujet,2006
Paris_Opera,lh,Sujet,2006
lh,Paris_Opera,Première_Danseuse,2015
Paris_Opera,lh,Première_Danseuse,2015
lh,Paris_Opera,Étoile,2015
Paris_Opera,lh,Étoile,2015
mh,Marseille_Academie,Ausbildung,1997
Marseille_Academie,mh,Ausbildung,1997
mh,Paris_Opera,Ausbildung,2001
Paris_Opera,mh,Ausbildung,2001
mh,Paris_Opera,Corps_de_Ballett,2004
Paris_Opera,mh,Corps_de_Ballett,2004
mh,Paris_Opera,Coryphée,2006
Paris_Opera,mh,Coryphée,2006
mh,Paris_Opera,Sujet,2007
Paris_Opera,mh,Sujet,2007
mh,Paris_Opera,Première_Danseur,2008
Paris_Opera,mh,Première_Danseur,2008
mh,Paris_Opera,Étoile,2009
Paris_Opera,mh,Étoile,2009
gl,Chalon_sur_Saone,Ausbildung,2000
Chalon_sur_Saone,gl,Ausbildung,2000
gl,Paris_Opera,Ausbildung,2005
Paris_Opera,gl,Ausbildung,2005
gl,Paris_Opera,Corps_de_Ballett,2011
Paris_Opera,gl,Corps_de_Ballett,2011
gl,Paris_Opera,Coryphée,2014
Paris_Opera,gl,Coryphée,2014
gl,Paris_Opera,Sujet,2015
Paris_Opera,gl,Sujet,2015
gl,Paris_Opera,Première_Danseur,2016
Paris_Opera,gl,Première_Danseur,2016
gl,Paris_Opera,Étoile,2014
gl,Paris_Opera,Étoile,2014
hm,Nantes,Ausbildung,NA
Nantes,hm,Ausbildung,NA
hm,Paris_Opera,Ausbildung,2007
Paris_Opera,hm,Ausbildung,2007
hm,Paris_Opera,Corps_de_Ballett,2011
Paris_Opera,hm,Corps_de_Ballett,2011
hm,Paris_Opera,Coryphée,2014
Paris_Opera,hm,Coryphée,2014
hm,Paris_Opera,Sujet,2015
Paris_Opera,hm,Sujet,2015
hm,Paris_Opera,Première_Danseur,2016
Paris_Opera,hm,Première_Danseur,2016
hm,Paris_Opera,Étoile,2017
Paris_Opera,hm,Étoile,2017
pm,Biarritz,Ausbildung,NA
Biarritz,pm,Ausbildung,NA
pm,Paris_Opera,Ausbildung,2008
Paris_Opera,pm,Ausbildung,2008
pm,Paris_Opera,Corps_de_Ballett,2014
Paris_Opera,pm,Corps_de_Ballett,2014
pm,Paris_Opera,Coryphée,2016
Paris_Opera,pm,Coryphée,2016
pm,Paris_Opera,Sujet,2107
Paris_Opera,pm,Sujet,2017
pm,Paris_Opera,Première_Danseur,2018
Paris_Opera,pm,Première_Danseur,2018
pm,Paris_Opera,Étoile,2020
Paris_Opera,pm,Étoile,2020
mm,Paris_Opera,Ausbildung,1999
Paris_Opera,mm,Ausbildung,1999
mm,Paris_Opera,Corps_de_Ballett,2004
Paris_Opera,mm,Corps_de_Ballett,2004
mm,Paris_Opera,Coryphée,2009
Paris_Opera,mm,Coryphée,2009
mm,Paris_Opera,Sujet,2011
Paris_Opera,mm,Sujet,2011
mm,Paris_Opera,Première_Danseur,2019
Paris_Opera,mm,Première_Danseur,2019
mm,Paris_Opera,Étoile,2023
Paris_Opera,mm,Étoile,2023
ho,Tokio,Ausbildung,1998
Tokio,ho,Ausbildung,1998
ho,Auckland,Ausbildung,NA
Auckland,ho,Ausbildung,NA
ho,Melbourne,Ausbildung,2008
Melbourne,ho,Ausbildung,2008
ho,Paris_Opera,Corps_de_Ballett,2013
Paris_Opera,ho,Corps_de_Ballett,2013
ho,Paris_Opera,Coryphée,2014
Paris_Opera,ho,Coryphée,2014
ho,Paris_Opera,Sujet,2015
Paris_Opera,ho,Sujet,2015
ho,Paris_Opera,Première_Danseuse,2016
Paris_Opera,ho,Première_Danseuse,2016
ho,Paris_Opera,Étoile,2023
Paris_Opera,ho,Étoile,2023
lp,Santiago_de_Chile,Ausbildung,2000
Santiago_de_Chile,lp,Ausbildung,2000
lp,Santiago_de_Chile,Solist,2002
Santiago_de_Chile,lp,Solist,2002
lp,Paris_Opera,Corps_de_Ballett,2003
Paris_Opera,lp,Corps_de_Ballett,2003
lp,Paris_Opera,Coryphée,2007
Paris_Opera,lp,Coryphée,2007
lp,Paris_Opera,Sujet,2008
Paris_Opera,lp,Sujet,2008
lp,Paris_Opera,Première_Danseuse,2010
Paris_Opera,lp,Première_Danseuse,2010
lp,Paris_Opera,Étoile,2012
Paris_Opera,lp,Étoile,2012
lp,Buenos_Aires,Ausbildung,1993
Buenos_Aires,lp,Ausbildung,1993
sep,Seoul_University,Ausbildung,1999
Seoul_University,sep,Ausbildung,1999
sep,New_York,Ausbildung,2007
New_York,sep,Ausbildung,2007
sep,Seoul_Ballet,Company,2009
Seoul_Ballet,sep,Company,2009
sep,Seoul_Ballet,Solist,2010
Seoul_Ballet,sep,Solist,2010
sep,Paris_Opera,Corps_de_Ballett,2011
Paris_Opera,sep,Corps_de_Ballett,2011
sep,Paris_Opera,Coryphée,2013
Paris_Opera,sep,Coryphée,2013
sep,Paris_Opera,Sujet,2014
Paris_Opera,sep,Sujet,2014
sep,Paris_Opera,Première_Danseuse,2017
Paris_Opera,sep,Première_Danseuse,2017
sep,Paris_Opera,Étoile,2021
Paris_Opera,sep,Étoile,2021
rs,Paris_Opera,Ausbildung,2007
he,Zürich_Schule,Ausbildung,2006
Zürich_Schule,he,Ausbildung,2006
he,Stuttgart_Schule,Ausbildung,2013
Stuttgart_Schule,he,Ausbildung,2013
he,Stuttgart_Ballett,Eleve,2018
Stuttgart_Ballett,he,Eleve,2018
he,Stuttgart_Ballett,Corps_de_Ballett,2019
Stuttgart_Ballett,he,Corps_de_Ballett,2019
he,Stuttgart_Ballett,Halbsolist,2021
Stuttgart_Ballett,he,Halbsolist,2021
he,Stuttgart_Ballett,Solist,2023
Stuttgart_Ballett,he,Solist,2023
he,Stuttgart_Ballett,Erster_Solist,2024
Stuttgart_Ballett,he,Erster_Solist,2024
gf,Taquara,Ausbildung,NA
Taquara,gf,Ausbildung,NA
Sao_Paulo,gf,Ausbildung,2010
gf,Sao_Paulo,Ausbildung,2010
gf,Stuttgart_Schule,Ausbildung,2014
Stuttgart_Schule,gf,Ausbildung,2014
Stuttgart_Ballett,gf,Corps_de_Ballett,2019
gf,Stuttgart_Ballett,Corps_de_Ballett,2019
gf,Stuttgart_Ballett,Halbsolist,2021
Stuttgart_Ballett,gf,Halbsolist,2021
Stuttgart_Ballett,gf,Solist,2023
gf,Stuttgart_Ballett,Solist,2023
gf,Stuttgart_Ballett,Erster_Solist,2024
Stuttgart_Ballett,gf,Erster_Solist,2024
dm,Ipswich,Ausbildung,1998
Ipswich,dm,Ausbildung,1998
dm,London_School,Ausbildung,2000
London_School,dm,Ausbildung,2000
dm,Stuttgart_Ballett,Gruppentänzer,2007
Stuttgart_Ballett,dm,Gruppentänzer,2007
Stuttgart_Ballett,dm,Halbsolist,2010
dm,Stuttgart_Ballett,Halbsolist,2010
dm,Stuttgart_Ballett,Solist,2013
Stuttgart_Ballett,dm,Solist,2013
Stuttgart_Ballett,dm,Erster_Solist,2014
dm,Stuttgart_Ballett,Erster_Solist,2014
mp,Montbrio_del_Camp,Ausbildung,2001
Montbrio_del_Camp,mp,Ausbildung,2001
NA,mp,Ausbildung,2008
mp,NA,Ausbildung,2008
Stuttgart_Schule,mp,Ausbildung,2011
mp,Stuttgart_Schule,Ausbildung,2011
mp,Stuttgart_Ballett,Corps_de_Ballett,2013
Stuttgart_Ballett,mp,Corps_de_Ballett,2013
Stuttgart_Ballett,mp,Eleve,2014
mp,Stuttgart_Ballett,Eleve,2014
mp,Stuttgart_Ballett,Halbsolist,2016
Stuttgart_Ballett,mp,Halbsolist,2016
Stuttgart_Ballett,mp,Solist,2017
mp,Stuttgart_Ballett,Solist,2017
mp,Stuttgart_Ballett,Erster_Solist,2021
Stuttgart_Ballett,mp,Erster_Solist,2021
jr,Toronto,Ausbildung,NA
Toronto,jr,Ausbildung,NA
jr,Stuttgart_Ballett,Corps_de_Ballett,1997
Stuttgart_Ballett,jr,Corps_de_Ballett,1997
Stuttgart_Ballett,jr,Halbsolist,2001
jr,Stuttgart_Ballett,Halbsolist,2001
jr,Stuttgart_Ballett,Solist,2002
Stuttgart_Ballett,jr,Solist,2002
Stuttgart_Ballett,jr,Erster_Solist,2003
jr,Stuttgart_Ballett,Erster_Solist,2003
jr,Stuttgart_Theater,Kammertänzer,2015
Stuttgart_Theater,jr,Kammertänzer,2015
ass,Goiania_Centro,Ausbildung,NA
Goiania_Centro,ass,Ausbildung,NA
ass,Goiania_CEP,Ausbildung,NA
Goiania_CEP,ass,Ausbildung,NA
Stuttgart_Schule,ass,Ausbildung,NA
ass,Stuttgart_Schule,Ausbildung,NA
ass,Stuttgart_Ballett,Corps_de_Ballett,2015
Stuttgart_Ballett,ass,Corps_de_Ballett,2015
Stuttgart_Ballett,ass,Solist,2017
ass,Stuttgart_Ballett,Solist,2017
ass,Stuttgart_Ballett,Erster_Solist,2018
Stuttgart_Ballett,ass,Erster_Solist,2018
fv,Stuttgart_Schule,Ausbildung,1988
Stuttgart_Schule,fv,Ausbildung,1988
fv,Monaco,Ausbildung,1994
Monaco,fv,Ausbildung,1994
Stuttgart_Ballett,fv,Corps_de_Ballett,1998
fv,Stuttgart_Ballett,Corps_de_Ballett,1998
fv,Stuttgart_Ballett,Halbsolist,2000
Stuttgart_Ballett,fv,Halbsolist,2000
Stuttgart_Ballett,fv,Solist,2001
fv,Stuttgart_Ballett,Solist,2001
fv,Stuttgart_Ballett,Erster_Solist,2002
Stuttgart_Ballett,fv,Erster_Solist,2002
Stuttgart_Theater,fv,Kammertänzer,2015
fv,Stuttgart_Theater,Kammertänzer,2015
Paris_Opera,rs,Ausbildung,2007
rs,Paris_Opera,Corps_de_Ballett,2013
Paris_Opera,rs,Corps_de_Ballett,2013
rs,Paris_Opera,Coryphée,2015
Paris_Opera,rs,Coryphée,2015
rs,Paris_Opera,Sujet,2018
Paris_Opera,rs,Sujet,2018
rs,Paris_Opera,Première_Danseuse,2022
Paris_Opera,rs,Première_Danseuse,2022
rs,Paris_Opera,Étoile,2024
Paris_Opera,rs,Étoile,2024
mba,London_School,Ausbildung,2004
London_School,mba,Ausbildung,2004
mba,London_Ballett,Corps_de_Ballett,2013
London_Ballett,mba,Corps_de_Ballett,2013
London_Ballett,mba,Halbsolist,2015
mba,London_Ballett,Halbsolist,2015
mba,London_Ballett,Solist,2016
London_Ballett,mba,Solist,2016
London_Ballett,mba,Erster_Solist,2017
mba,London_Ballett,Erster_Solist,2017
mba,London_Ballett,Principal_Dancer,2018
London_Ballett,mba,Principal_Dancer,2018
wb,Swansea,Ausbildung,NA
Swansea,wb,Ausbildung,NA
wb,London_School,Ausbildung,2002
London_School,wb,Ausbildung,2002
wb,Birmingham_Ballett,Corps_de_Ballett,2010
Birmingham_Ballett,wb,Corps_de_Ballett,2010
Birmingham_Ballett,wb,Halbsolist,2012
wb,Birmingham_Ballett,Halbsolist,2012
wb,Birmingham_Ballett,Solist,2014
Birmingham_Ballett,wb,Solist,2014
London_Ballett,wb,Solist,2017
wb,London_Ballett,Solist,2017
wb,London_Ballett,Erster_Solist,2018
London_Ballett,wb,Erster_Solist,2018
London_Ballett,wb,Principal_Dancer,2022
wb,London_Ballett,Principal_Dancer,2022
rc,Coatbridge,Ausbildung,1998
Coatbridge,rc,Ausbildung,1998
rc,London_School,Ausbildung,2006
London_School,rc,Ausbildung,2006
London_Ballett,rc,Corps_de_Ballett,2013
rc,London_Ballett,Corps_de_Ballett,2013
rc,London_Ballett,Halbsolist,2016
London_Ballett,rc,Halbsolist,2016
London_Ballett,rc,Solist,2017
rc,London_Ballett,Solist,2017
rc,London_Ballett,Erster_Solist,2020
London_Ballett,rc,Erster_Solist,2020
London_Ballett,rc,Principal_Dancer,2022
rc,London_Ballett,Principal_Dancer,2022
cc,Toronto,Ausbildung,2008
Toronto,cc,Ausbildung,2008
New_York,cc,NA,2014
cc,New_York,NA,2014
cc,London_English_Ballett,NA,2015
London_English_Ballett,cc,NA,2015
London_Ballett,cc,Erster_Solist,2018
cc,London_Ballett,Erster_Solist,2018
cc,London_Ballett,Principal_Dancer,2021
London_Ballett,cc,Principal_Dancer,2021
lc,London_School,Ausbildung,1995
London_School,lc,Ausbildung,1995
lc,London_Ballett,Corps_de_Ballett,2002
London_Ballett,lc,Corps_de_Ballett,2002
London_Ballett,lc,Solist,2003
lc,London_Ballett,Solist,2003
lc,London_Ballett,Erster_Solist,2006
London_Ballett,lc,Erster_Solist,2006
London_Ballett,lc,Principal_Dancer,2008
lc,London_Ballett,Principal_Dancer,2008
mha,Lisburn,Ausbildung,1993
Lisburn,mha,Ausbildung,1993
Birmingham_School,mha,Ausbildung,2005
mha,Birmingham_School,Ausbildung,2005
mha,London_Ballett,Corps_de_Ballett,2007
London_Ballett,mha,Corps_de_Ballett,2007
London_Ballett,mha,Halbsolist,2009
mha,London_Ballett,Halbsolist,2009
mha,London_Ballett,Solist,2010
London_Ballett,mha,Solist,2010
London_Ballett,mha,Erster_Solist,2013
mha,London_Ballett,Erster_Solist,2013
mha,London_Ballett,Principal_Dancer,2024
mha,mha,Principal_Dancer,2024
fh,Worthing,Ausbildung,1995
Worthing,fh,Ausbildung,1995
London_School,fh,Ausbildung,2003
fh,London_School,Ausbildung,2003
fh,London_Ballett,Halbsolist,2013
London_Ballett,fh,Halbsolist,2013
Lond,fh,Solist,2014
fh,London_Ballett,Solist,2014
fh,London_Ballett,Erster_Solist,2015
London_Ballett,fh,Erster_Solist,2015
London_Ballett,fh,Principal_Dancer,2016
fh,London_Ballett,Principal_Dancer,2016
rh,Tokio_School,Ausbildung,2000
Tokio_School,rh,Ausbildung,2000
London_Ballett,rh,Corps_de_Ballett,2002
rh,London_Ballett,Corps_de_Ballett,2002
rh,London_Ballett,Halbsolist,2007
London_Ballett,rh,Halbsolist,2007
London_Ballett,rh,Solist,2008
rh,London_Ballett,Solist,2008
rh,London_Ballett,Erster_Solist,2012
London_Ballett,rh,Erster_Solist,2012
London_Ballett,rh,Principal_Dancer,2016
rh,London_Ballett,Principal_Dancer,2016
fk,Osaka_School,Ausbildung,1999
Osaka_School,fk,Ausbildung,1999
Osaka_Ballett,fk,Corps_de_Ballett,2010
fk,Osaka_Ballett,Corps_de_Ballett,2010
fk,Osaka_Ballett,Halbsolist,2012
London_Ballett,fk,Halbsolist,2012
London_Ballett,fk,Solist,2013
fk,London_Ballett,Solist,2013
fk,London_Ballett,Erster_Solist,2018
London_Ballett,fk,Erster_Solist,2018
London_Ballett,fk,Principal_Dancer,2021
fk,London_Ballett,Principal_Dancer,2021
sl,Boston_School,Ausbildung,1986
Boston_School,sl,Ausbildung,1986
Boston_Ballett,sl,Corps_de_Ballett,1998
sl,Boston_Ballett,Corps_de_Ballett,1998
sl,Boston_Ballett,Solist,2001
Boston_Ballett,sl,Solist,2001
London_Ballett,sl,Principal_Dancer,2003
sl,London_Ballett,Principal_Dancer,2003
sl,London_Ballett,Erster_Solist,2004
London_Ballett,sl,Erster_Solist,2004
London_Ballett,sl,Principal_Dancer,2006
sl,London_Ballett,Principal_Dancer,2006
mmag,Rio_de_Janeiro,Ausbildung,2002
Rio_de_Janeiro,mmag,Ausbildung,2002
London_School,mmag,Ausbildung,NA
mmag,London_School,Ausbildung,NA
mmag,London_Ballett,Corps_de_Ballett,2012
London_Ballett,mmag,Corps_de_Ballett,2012
London_Ballett,mmag,Halbsolist,2015
mmag,London_Ballett,Halbsolist,2015
mmag,London_Ballett,Solist,2016
London_Ballett,mmag,Solist,2016
London_Ballett,mmag,Erster_Solist,2018
mmag,London_Ballett,Erster_Solist,2018
mmag,London_Ballett,Principal_Dancer,2021
London_Ballett,London_Ballett,Principal_Dancer,2021
sm,London_School,Ausbildung,2003
London_School,sm,Ausbildung,2003
London_Ballett,sm,Halbsolist,2005
sm,London_Ballett,Halbsolist,2005
sm,London_Ballett,Solist,2006
London_Ballett,sm,Solist,2006
London_Ballett,sm,Erster_Solist,2008
sm,London_Ballett,Erster_Solist,2008
sm,London_Ballett,Principal_Dancer,2009
London_Ballett,sm,Principal_Dancer,2009
Perm,vm,Ausbildung,1999
vm,Perm,Ausbildung,1999
vm,London_School,Ausbildung,2006
London_School,vm,Ausbildung,2006
London_English_Ballett,vm,NA,2009
vm,London_English_Ballett,NA,2009
vm,London_English_Ballett,Erster_Solist,2010
London_English_Ballett,vm,Erster_Solist,2010
London_English_Ballett,vm,Principal_Dancer,2011
vm,London_English_Ballett,Principal_Dancer,2011
vm,London_English_Ballett,Lead_Principal_Dancer,2012
London_English_Ballett,vm,Lead_Principal_Dancer,2012
London_Ballett,vm,Principal_Dancer,2014
vm,London_Ballett,Principal_Dancer,2014
yn,London_School,Ausbildung,2004
London_School,yn,Ausbildung,2004
London_Ballett,yn,Corps_de_Ballett,2010
yn,London_Ballett,Corps_de_Ballett,2010
yn,London_Ballett,Halbsolist,2012
London_Ballett,yn,Halbsolist,2012
London_Ballett,yn,Solist,2014
yn,London_Ballett,Solist,2014
yn,London_Ballett,Erster_Solist,2016
London_Ballett,yn,Erster_Solist,2016
London_Ballett,yn,Principal_Dancer,2017
yn,London_Ballett,Principal_Dancer,2017
mn,Buenos_Aires_School,Ausbildung,1988
Buenos_Aires_School,mn,Ausbildung,1988
Buenos_Aires,mn,NA,1996
mn,Buenos_Aires,NA,1996
mn,London_School,Ausbildung,1997
London_School,mn,Ausbildung,1997
London_Ballett,mn,NA,1998
mn,London_Ballett,NA,1998
mn,London_Ballett,Erster_Solist,2000
London_Ballett,mn,Erster_Solist,2000
London_Ballett,mn,Principal_Dancer,2002
mn,London_Ballett,Principal_Dancer,2002
ql,Shenyang,Ausbildung,1998
Shenyang,ql,Ausbildung,1998
ql,Shenyang,Principal_Dancer,2006
Shenyang,ql,Principal_Dancer,2006
ql,Amsterdam,Corps_de_Ballett,2012
Amsterdam,ql,Corps_de_Ballett,2012
ql,Amsterdam,Coryphée,2013
Amsterdam,ql,Coryphée,2013
ql,Amsterdam,Zweite_Solistin,2013
Amsterdam,ql,Zweite_Solistin,2013
ql,Amsterdam,Principal_Dancer,2016
Amsterdam,ql,Principal_Dancer,2016
mama,Tiflis,Ausbildung,1994
Tiflis,mama,Ausbildung,1994
mama,Denver,Ausbildung,2002
Denver,mama,Ausbildung,2002
mama,Denver,Principal_Dancer,2004
Denver,mama,Principal_Dancer,2004
mama,Birmingham_Ballett,Solistin,2006
Birmingham_Ballett,mama,Solistin,2006
mama,Amsterdam,Sujet,2007
Amsterdam,mama,Sujet,2007
mama,Amsterdam,Solistin,2009
Amsterdam,mama,Solistin,2009
mama,Amsterdam,Principal_Dancer,2010
Amsterdam,mama,Principal_Dancer,2010
ao,Krasnoyarsk_Opera,Ausbildung,1995
Krasnoyarsk_Opera,ao,Ausbildung,1995
ao,Krasnoyarsk_Ballet,Solistin,2003
Krasnoyarsk_Ballet,ao,Solistin,2003
ao,St_Petersburg,Principal_Dancer,2011
St_Petersburg,ao,Principal_Dancer,2011
ao,Moskau,Principal_Dancer,2012
Moskau,ao,Principal_Dancer,2012
ao,Amsterdam,Principal_Dancer,2015
Amsterdam,ao,Principal_Dancer,2015
ao,Moskau_GITIS,Certified_Ballet_Teacher,2018
Moskau_GITIS,ao,Certified_Ballet_Teacher,2018
os,St_Petersburg_Vaganova,Ausbildung,2011
St_Petersburg_Vaganova,os,Ausbildung,2011
os,Moskau_Bolshoi,Solistin,2011
Moskau_Bolshoi,os,Solistin,2011
os,Moskau_Bolshoi,Prima_Ballerina,2013
Moskau_Bolshoi,os,Prima_Ballerina,2013
os,Amsterdam,Principal_Dancer,2022
Amsterdam,os,Principal_Dancer,2022
no,Moskau_School,Ausbildung,1994
Moskau_School,no,Ausbildung,1994
Moskau_Bolshoi_Academy,no,Ausbildung,1995
no,Moskau_Bolshoi_Academy,Ausbildung,1995
no,Moskau_Bolshoi,Corps_de_Ballett,2004
Moskau_Bolshoi,no,Corps_de_Ballett,2004
Moskau_Bolshoi,no,Principal_Dancer,2010
no,Moskau_Bolshoi,Principal_Dancer,2010
no,St_Petersburg_Ballett,Principal_Dancer,2011
St_Petersburg_Ballett,no,Principal_Dancer,2011
New_York,no,Principal_Dancer,2012
no,New_York,Principal_Dancer,2012
no,London_Ballett,Principal_Dancer,2013
London_Ballett,no,Principal_Dancer,2013
London_Children,aro,Ausbildung,1996
aro,London_Children,Ausbildung,1996
aro,London_School,Ausbildung,2005
London_School,aro,Ausbildung,2005
London_Ballett,aro,NA,2012
aro,London_Ballett,NA,2012
aro,London_Ballett,Halbsolist,2016
London_Ballett,aro,Halbsolist,2016
London_Ballett,aro,Solist,2017
aro,London_Ballett,Solist,2017
aro,London_Ballett,Erster_Solist,2019
London_Ballett,aro,Erster_Solist,2019
London_Ballett,aro,Principal_Dancer,2021
aro,London_Ballett,Principal_Dancer,2021
cr,London_School,Ausbildung,2012
London_School,cr,Ausbildung,2012
London_Ballett,cr,NA,2014
cr,London_Ballett,NA,2014
cr,London_Ballett,Halbsolist,2017
London_Ballett,cr,Halbsolist,2017
cr,London_Ballett,Solist,2018
London_Ballett,cr,Solist,2018
London_Ballett,cr,Erster_Solist,2021
cr,London_Ballett,Erster_Solist,2021
cr,London_Ballett,Principal_Dancer,2024
London_Ballett,cr,Principal_Dancer,2024
Lissabon,ms,Ausbildung,2002
ms,Lissabon,Ausbildung,2002
ms,London_School,Ausbildung,2010
London_School,ms,Ausbildung,2010
London_Ballett,ms,Halbsolist,2014
ms,London_Ballett,Halbsolist,2014
ms,London_Ballett,Solist,2015
London_Ballett,ms,Solist,2015
London_Ballett,ms,Erster_Solist,2017
ms,London_Ballett,Erster_Solist,2017
ms,London_Ballett,Principal_Dancer,2019
London_Ballett,ms,Principal_Dancer,2019
Ware,js,Ausbildung,NA
js,Ware,Ausbildung,NA
js,London_School,Ausbildung,2011
London_School,js,Ausbildung,2011
London_Ballett,js,Halbsolist,2018
js,London_Ballett,Halbsolist,2018
js,London_Ballett,Solist,2021
London_Ballett,js,Solist,2021
London_Ballett,js,Erster_Solist,2022
js,London_Ballett,Erster_Solist,2022
js,London_Ballett,Principal_Dancer,2024
London_Ballett,js,Principal_Dancer,2024
Tokio_Studio,ata,NA,1993
ata,Tokio_Studio,NA,1993
ata,Moskau_Bolshoi,NA,2006
Moskau_Bolshoi,ata,NA,2006
London_Ballett,ata,NA,2009
ata,London_Ballett,NA,2009
ata,London_Ballett,Halbsolist,2010
London_Ballett,ata,Halbsolist,2010
London_Ballett,ata,Solist,2011
ata,London_Ballett,Solist,2011
ata,London_Ballett,Erster_Solist,2014
London_Ballett,ata,Erster_Solist,2014
London_Ballett,ata,Principal_Dancer,2016
ata,London_Ballett,Principal_Dancer,2016
at,Novosibirsk,Ausbildung,1988
Novosibirsk,at,Ausbildung,1988
at,Moskau_Bolshoi,Solistin,1997
Moskau_Bolshoi,at,Solistin,1997
at,Budapest,Erster_Solistin,2004
Budapest,at,Erste_Solistin,2004
at,Amsterdam,Principal_Dancer,2007
Amsterdam,at,Principal_Dancer,2007
jx,Toronto,Ausbildung,2005
Toronto,jx,Ausbildung,2005
jx,Amsterdam,Junior_Company,2013
Amsterdam,jx,Junior_Company,2013
jx,Amsterdam,Élève,2014
Amsterdam,jx,Élève,2014
jx,Amsterdam,Corps_de_Ballett,2015
Amsterdam,jx,Corps_de_Ballett,2015
jx,Amsterdam,Coryphée,2016
Amsterdam,jx,Coryphée,2016
jx,Amsterdam,Grand_Sujet,2018
Amsterdam,jx,Grand_Sujet,2018
jx,Amsterdam,Solistin,2019
Amsterdam,jx,Solistin,2019
jx,Amsterdam,Principal_Dancer,2020
Amsterdam,jx,Principal_Dancer,2020
yz,Chengdu,Ausbildung,1986
Chengdu,yz,Ausbildung,1986
yz,Shanghai,Ausbildung,2010
Shanghai,yz,Ausbildung,2010
yz,Amsterdam,Junior_Company,2014
Amsterdam,yz,Junior_Company,2014
yz,Amsterdam,Élève,2015
Amsterdam,yz,Élève,2015
yz,Amsterdam,Corps_de_Ballett,2016
Amsterdam,yz,Corps_de_Ballett,2016
yz,Amsterdam,Coryphée,2017
Amsterdam,yz,Coryphée,2017
yz,Amsterdam,Grand_Sujet,2018
Amsterdam,yz,Grand_Sujet,2018
yz,Amsterdam,Solistin,2019
Amsterdam,yz,Solistin,2019
yz,Amsterdam,Principal_Dancer,2024
Amsterdam,yz,Principal_Dancer,2024
Kiew,ss,Ausbildung,1989
ss,Kiew,Ausbildung,1989
ss,St_Petersburg_Vaganova,Ausbildung,1995
St_Petersburg_Vaganova,ss,Ausbildung,1995
St_Petersburg_Mariinsky,ss,NA,1996
ss,St_Petersburg_Mariinsky,NA,1996
ss,St_Petersburg_Mariinsky,Solist,1997
St_Petersburg_Mariinsky,ss,Solist,1997
Moskau_Bolshoi,ss,Solist,2003
ss,Moskau_Bolshoi,Solist,2003
ak,St_Petersburg_Vaganova,Ausbildung,2008
St_Petersburg_Vaganova,ak,Ausbildung,2008
Moskau_Bolshoi,ak,NA,2016
ak,Moskau_Bolshoi,NA,2016
ak,Moskau_Bolshoi,Principal_Dancer,2021
Moskau_Bolshoi,ak,Principal_Dancer,2021
St_Petersburg_Vaganova,jst,Ausbildung,2001
jst,St_Petersburg_Vaganova,Ausbildung,2001
jst,St_Petersburg_Mariinsky,NA,2009
St_Petersburg_Mariinsky,jst,NA,2009
Moskau_Kammeroper,jst,Solist,2014
jst,Moskau_Kammeroper,Solist,2014
jst,Moskau_Bolshoi,NA,2015
Moskau_Bolshoi,jst,NA,2015
Moskau_Bolshoi_Academy,ast,Ausbildung,NA
ast,Moskau_Bolshoi_Academy,Ausbildung,NA
ast,Moskau_Bolshoi,NA,2003
Moskau_Bolshoi,ast,NA,2003
Moskau_Bolshoi,ast,Principal_Dancer,2014
ast,Moskau_Bolshoi,Principal_Dancer,2014
an,Moskau_Bolshoi_Academy,NA,NA
Moskau_Bolshoi_Academy,an,NA,NA
Moskau_Bolshoi,an,NA,2003
an,Moskau_Bolshoi,NA,2003
an,Moskau_Bolshoi,Principal_Dancer,2014
Moskau_Bolshoi,an,Principal_Dancer,2014
St_Petersburg_Vaganova,eo,Ausbildung,1994
eo,St_Petersburg_Vaganova,Ausbildung,1994
eo,St_Petersburg_Mariinsky,NA,2002
St_Petersburg_Mariinsky,eo,NA,2002
Moskau_Bolshoi,eo,Principal_Dancer,2012
eo,Moskau_Bolshoi,Principal_Dancer,2012
ek,Moskau_Galina,NA,1995
Galina Vishnevskaya Opera Centre,ek,NA,1995
Moskau_Bolshoi_Academy,ek,NA,1996
ek,Moskau_Bolshoi_Academy,NA,1996
ek,Moskau_Bolshoi,NA,2003
Moskau_Bolshoi,ek,NA,2003
Moskau_Bolshoi,ek,Principal_Dancer,2011
ek,Moskau_Bolshoi,Principal_Dancer,2011
ab,Moskau_Bolshoi_Academy,Ausbildung,NA
Moskau_Bolshoi_Academy,ab,Ausbildung,NA
Moskau_Bolshoi,ab,Principal_Dancer,2009
ab,Moskau_Bolshoi,Principal_Dancer,2009
st,Novosibirsk_College,Ausbildung,NA
Novosibirsk_College,st,Ausbildung,NA
Seoul_Universal_Ballett,st,NA,2003
st,Seoul_Universal_Ballett,NA,2003
st,Zürich_Ballett,NA,2007
Zürich_Ballett,st,NA,2007
Moskau,st,NA,2008
st,Moskau,NA,2008
st,Moskau_Bolshoi,Solist,2011
Moskau_Bolshoi,st,Solist,2011
Moskau_Bolshoi_Academy,eg,Ausbildung,NA
eg,Moskau_Bolshoi_Academy,Ausbildung,NA
eg,St_Petersburg_Vaganova,Ausbildung,NA
St_Petersburg_Vaganova,,Ausbildung,NA
Moskau_Bolshoi,eg,NA,2017
eg,Moskau_Bolshoi,NA,2017
eg,Moskau_Bolshoi,Principal_Dancer,2022
Moskau_Bolshoi,eg,Principal_Dancer,2022
Moskau_Bolshoi_Academy,wl,Ausbildung,NA
wl,Moskau_Bolshoi_Academy,Ausbildung,NA
wl,Moskau_Bolshoi,NA,2006
Moskau_Bolshoi,wl,NA,2006
Moskau_Bolshoi,wl,Principal_Dancer,2013
wl,Moskau_Bolshoi,Principal_Dancer,2013
ml,St_Petersburg_Vaganova,Ausbildung,NA
St_Petersburg_Vaganova,ml,Ausbildung,NA
St_Petersburg_Mariinsky,ml,NA,2002
ml,St_Petersburg_Mariinsky,NA,2002
ml,Moskau_Bolshoi,NA,2006
Moskau_Bolshoi,ml,NA,2006
Moskau_Bolshoi,ml,Principal_Dancer,2010
ml,Moskau_Bolshoi,Principal_Dancer,2010
wlo,Woronesch,Ausbildung,NA
Woronesch,wlo,Ausbildung,NA
Moskau_Bolshoi_Academy,wlo,Ausbildung,2003
wlo,Moskau_Bolshoi_Academy,Ausbildung,2003
wlo,Moskau_Bolshoi,NA,2004
Moskau_Bolshoi,wlo,NA,2004
Moskau_Bolshoi,wlo,Principal_Dancer,2016
wlo,Moskau_Bolshoi,Principal_Dancer,2016
aow,Dnipropetrowsk,Ausbildung,1997
Dnipropetrowsk,aow,Ausbildung,1997
Moskau_Bolshoi_Academy,aow,Ausbildung,NA
aow,Moskau_Bolshoi_Academy,Ausbildung,NA
aow,Moskau_Bolshoi,NA,2007
Moskau_Bolshoi,aow,NA,2007
ca,Honolulu,Ausbildung,1997
Honolulu,ca,Ausbildung,1997
ca,Washington,Ausbildung,2006
Washington,ca,Ausbildung,2006
ca,Stuttgart_Schule,Ausbildung,2010
Stuttgart_Schule,ca,Ausbildung,2010
ca,Stuttgart_Ballett,Solist,2012
Stuttgart_Ballett,ca,Solist,2012
ca,Stuttgart_Ballett,Principal_Dancer,2013
Stuttgart_Ballett,ca,Principal_Dancer,2013
ca,Amsterdam,Solist,2018
Amsterdam,ca,Solist,2018
ygc,Seoul_School,Ausbildung,2001
Seoul_School,ygc,Ausbildung,2001
ygc,Zürich_Akademie,Ausbildung,2006
Zürich_Akademie,ygc,Ausbildung,2006
ygc,Seoul_School,Ausbildung_vortfahren,2008
Seoul_School,ygc,Ausbildung_vortfahren,2008
ygc,Seoul_Ballet,NA,NA
Seoul_Ballet,ygc,NA,NA
ygc,Amsterdam,Corps_de_Ballett,2011
Amsterdam,ygc,Corps_de_Ballett,2011
ygc,Amsterdam,Solist,2013
Amsterdam,ygc,Solist,2013
ygc,Amsterdam,Coryphée,2013
Amsterdam,ygc,Coryphée,2013
ygc,Amsterdam,Solist,2016
Amsterdam,ygc,Solist,2016
gp,Tiflis,Ausbildung,2012
Tiflis,gp,Ausbildung,2012
gp,Amsterdam_Academy,Ausbildung,2018
Amsterdam_Academy,gp,Ausbildung,2018
gp,Amsterdam,Junior_Company,2020
Amsterdam,gp,Junior_Company,2020
gp,Amsterdam,Élève,2021
Amsterdam,gp,Élève,2021
gp,Amsterdam,Coryphée,2022
Amsterdam,gp,Coryphée,2022
gp,Amsterdam,Grand_Sujet,2022
Amsterdam,gp,Grand_Sujet,2022
gp,Amsterdam,Solist,2023
Amsterdam,gp,Solist,2023
tvp,Zoetermeer,Ausbildung,NA
Zoetermeer,tvp,Ausbildung,NA
tvp,Amsterdam_Academy,Ausbildung,2010
Amsterdam_Academy,typ,Ausbildung,2010
tvp,Amsterdam,Junior_Company,2016
Amsterdam,tvp,Junior_Company,2016
tvp,Amsterdam,Élève,2017
Amsterdam,tvp,Élève,2017
tvp,Amsterdam,Corps_de_Ballett,2018
Amsteram,tvp,Corps_de_Ballett,2018
tvp,Amsterdam,Coryphée,2019
Amsterdam,tvp,Coryphée,2019
tvp,Amsterdam,Grand_Sujet,2020
Amsterdam,tvp,Grand_Sujet,2020
tvp,Amsterdam,Solsit,2021
Amsterdam,tvp,Solist,2021
tvp,Amsterdam,Solotänzer,2023
Amsterdam,tvp,Solotänzer,2023
jt,Landriano,Ausbildung,1999
Landriano,jt,Ausbildung,1999
jt,Mailand,Ausbildung,2005
Mailand,jt,Ausbildung,2005
jt,Wien,Solist,2014
Wien,jt,Solist,2014
jt,Mailand_Balletto,Corps_de_Ballett,2015
Mailand_Balletto,jt,Corps_de_Ballett,2015
jt,Moskau_Bolshoi,Solist,2017
Moskau_Bolshoi,jt,Solist,2017
jt,Moskau_Bolshoi,Direktor,2021
Moskau_Bolshoi,jt,Direktor,2021
jt,Amsterdam,Solist,2023
Amsterdam,jt,Solist,2023
nb,Wolgograd,Ausbildung,1998
Wolgograd,nb,Ausbildung,1998
nb,St_Petersburg_Vaganova,Ausbildung,2000
St_Petersburg_Vaganova,nb,Ausbildung,2000
nb,St_Petersburg_Mariinsky,NA,2009
St_Petersburg_Mariinsky,nb,NA,2009
nb,St_Petersburg_Mariinsky,Solistin,NA
St_Petersburg_Mariinsky,nb,Solistin,NA
nb,St_Petersburg_Mariinsky,Principal_Dancer,2022
St_Petersburg,nb,Principal_Dancer,2022
sv,Novosibirsk_College,Ausbildung,NA
Novosibirsk_College,sv,Ausbildung,NA
sv,Novosibirsk,Solist,2008
Novosibirsk,sv,Solist,2008
sv,Moskau,NA,2011
Moskau,sv,NA,2011
sv,Amsterdam,Solotänzer,2020
Amsterdam,sv,Solotänzer,2020
sv,Amsterdam,Solist,2015
Amsterdam,sv,Solist,2015
ekko,St_Petersburg_Vaganova,Ausbildung,1993
St_Petersburg_Vaganova,ekko,Ausbildung,1993
ekko,St_Petersburg_Mariinsky,NA,2001
St_Petersburg_Mariinsky,ekko,NA,2001
ekko,St_Petersburg_Mariinsky,Principal_Dancer,2012
St_Petersburg_Mariinsky,ekko,Principal_Dancer,2012
on,St_Petersburg_Vaganova,Ausbildung,1994
St_Petersburg_Vaganova,on,Ausbildung,1994
on,St_Petersburg_Mariinsky,NA,2002
St_Petersburg_Mariinsky,on,NA,2002
on,St_Petersburg_Mariinsky,Principal_Dancer,2021
St_Petersburg_Mariinsky,on,Principal_Dancer,2021
resh,Ufa,Ausbildung,NA
Ufa,resh,Ausbildung,NA
resh,St_Petersburg_Vaganova,Ausbildung,2007
St_Petersburg_Vaganova,resh,Ausbildung,2007
resh,St_Petersburg_Mariinsky,NA,2015
St_Petersburg_Mariinsky,resh,NA,2015
resh,St_Petersburg_Mariinsky,Principal_Dancer,2024
St_Petersburg_Mariinsky,resh,Principal_Dancer,2024
oxsk,Perm_Ballett,Ausbildung,1994
Perm_Ballett,oxsk,Ausbildung,1994
oxsk,St_Petersburg_Mariinsky,NA,2007
St_Petersburg_Mariinsky,oxsk,NA,2007
oxsk,St_Petersburg_Mariinsky,Solotänzerin,NA
St_Petersburg_Mariinsky,oxsk,Solotänzerin,NA
oxsk,St_Petersburg_Mariinsky,Principal_Dancer,2015
St_Petersburg_Mariinsky,oxsk,Principal_Dancer,2015
vt,Krasnoyarsk_Ballettschule,Ausbildung,1993
Krasnoyarsk_Ballettschule,vt,Ausbildung,1993
vt,St_Petersburg_Vaganova,Ausbildung,1998
St_Petersburg_Vaganova,vt,Ausbildung,1998
vt,St_Petersburg_Mariinsky,NA,2002
St_Petersburg_Mariinsky,vt,NA,2002
vt,St_Petersburg_Mariinsky,Solotänzerin,2005
St_Petersburg_Mariinsky,vt,Solotänzerin,2005
vt,St_Petersburg_Mariinsky,Principal_Dancer,2006
St_Petersburg_Mariinsky,vt,Principal_Dancer,2006
dv,St_Petersburg_Vaganova,Ausbildung,1987
St_Petersburg_Vaganova,dv,Ausbildung,1987
dv,St_Petersburg_Mariinsky,NA,1995
St_Petersburg_Mariinsky,dv,NA,1995
dv,St_Petersburg_Mariinsky,Solotänzerin,1996
St_Petersburg_Mariinsky,dv,Solotänzerin,1996
dv,New_York,Solotänzerin,2005
New_York,dv,Solotänzerin,2005
dv,St_Petersburg_Mariinsky,Principal_Dancer,2006
St_Petersburg_Mariinsky,dv,Principal_Dancer,2006
ta,Baku_School,Ausbildung,NA
Baku_School,ta,Ausbildung,NA
ta,Baku,NA,2008
Baku,ta,NA,2008
ta,Kiew_Staatsballett,NA,2009
Kiew_Staatsballett,ta,NA,2009
ta,St_Petersburg_Mariinsky,NA,2011
St_Petersburg_Mariinsky,ta,NA,2011
ta,St_Petersburg_Mariinsky,Principal_Dancer,2015
St_Petersburg_Mariinsky,ta,Principal_Dancer,2015
yi,St_Petersburg_Vaganova,Ausbildung,NA
St_Petersburg_Vaganova,yi,Ausbildung,NA
yi,St_Petersburg_Mariinsky,Company,1992
St_Petersburg_Mariinsky,yi,Company,1992
yi,St_Petersburg_Mariinsky,Solist,1996
St_Petersburg_Mariinsky,yi,Solist,1996
yi,Moskau_Bolshoi,NA,NA
Moskau_Bolshoi,yi,NA,NA
yi,St_Petersburg_Mariinsky,Principal_Dancer,NA
St_Petersburg_Mariinsky,yi,Principal_Dancer,NA
kk,Seoul_University,Ausbildung,NA
Seoul_University,kk,Ausbildung,NA
kk,St_Petersburg_Mariinsky,Trainee,2011
St_Petersburg_Mariinsky,kk,Trainee,2011
kk,St_Petersburg_Mariinsky,Solist,2012
St_Petersburg_Mariinsky,kk,Solist,2012
kk,St_Petersburg_Mariinsky,Principal_Dancer,2015
St_Petersburg_Mariinsky,kk,Principal_Dancer,2015
ps,St_Petersburg_Vaganova,Ausbildung,1997
St_Petersburg_Vaganova,ps,Ausbildung,1997
ps,St_Petersburg_Mariinsky,NA,2005
St_Petersburg_Mariinsky,ps,NA,2005
ps,St_Petersburg_Mariinsky,Solist,2009
St_Petersburg_Mariinsky,ps,Solist,2009
ps,St_Petersburg_Mariinsky,Principal_Dancer,2025
St_Petersburg_Mariinsky,ps,Principal_Dancer,2025
ay,St_Petersburg_Vaganova,Ausbildung,1997
St_Petersburg_Vaganova,ay,Ausbildung,1997
ay,St_Petersburg_Mariinsky,NA,2005
St_Petersburg_Mariinsky,ay,NA,2005
ay,St_Petersburg_Mariinsky,Solist,NA
St_Petersburg_Mariinsky,ay,Solist,NA
ay,St_Petersburg_Mariinsky,Principal_Dancer,2019
St_Petersburg_Mariinsky,ay,Principal_Dancer,2019